[
    {
        "lectureId": "1b8e43b0-a3bb-43ca-901e-0ff6958ebfaa",
        "teacherId": "dc80c8c3-e646-45f7-a550-cfd7c6a53733",
        "name": "CMPE113",
        "credit": 5
    },
    {
        "lectureId": "ba2c7f7a-20e5-4c0d-805b-b3e3e3c35ab7",
        "teacherId": "07de7c32-e61b-4b4b-b497-dfc40ab6cc57",
        "name": "CMPE399",
        "credit": 10
    },
    {
        "lectureId": "3b548d51-d3dc-40a1-aedf-751a9fb60c43",
        "teacherId": "dc80c8c3-e646-45f7-a550-cfd7c6a53733",
        "name": "CMPE114",
        "credit": 6
    }
]