[
    {
        "id": "dc80c8c3-e646-45f7-a550-cfd7c6a53733",
        "name": "Murat",
        "lastname": "Karakaya",
        "email": "KMK@hotmail.com",
        "phone": "05053799883",
        "type": "teacher",
        "password": "NTU1NQ=="
    },
    {
        "id": "a1bd9864-a507-4590-a15f-b93b6aeffbb3",
        "name": "Eren",
        "lastname": "Demirkazık",
        "email": "eren.demirkazık@hotmail.com",
        "phone": "05075796576",
        "type": "student",
        "password": "NTU1NQ=="
    },
    {
        "id": "7d08a178-8f10-4068-a9e8-37cf9775a8bf",
        "name": "Deniz",
        "lastname": "Kaya",
        "email": "deniz.kaya@hotmail.com",
        "phone": "05075797887",
        "type": "student",
        "password": "MTIzNDU2Nzg="
    },
    {
        "id": "c8483493-8b73-455c-9518-ae76c43286e7",
        "name": "Meliha",
        "lastname": "Yener",
        "email": "meliha.yener@hotmail.com",
        "phone": "05075797777",
        "type": "student",
        "password": "MTIzNA=="
    },
    {
        "id": "6a38f3c4-f32e-4d18-978e-2c88fd573c67",
        "name": "Arda",
        "lastname": "Günönü",
        "email": "arda.gunonu@hotmail.com",
        "phone": "05075799887",
        "type": "admin",
        "password": "NTU1NQ=="
    },
    {
        "id": "07de7c32-e61b-4b4b-b497-dfc40ab6cc57",
        "name": "Erhan",
        "lastname": "Gökçay",
        "email": "erhan.gokcay@hotmail.com",
        "phone": "05053799884",
        "type": "teacher",
        "password": "NTU1NQ=="
    },
    {
        "id": "1d2f032a-3dbb-43b9-826b-88f0a5f50376",
        "name": "Ozan",
        "lastname": "Türkekul",
        "email": "oturkekul@erdemir.com.tr",
        "phone": "05325863878",
        "type": "admin",
        "password": "NTU1NQ=="
    },
    {
        "id": "a4c5ef51-ce2e-427c-890d-c354f5f2281e",
        "name": "Alp",
        "lastname": "Kadı",
        "email": "alp.kadı@hotmail.com",
        "phone": "05075799999",
        "type": "student",
        "password": "NTU1NQ=="
    },
    {
        "id": "3c5883b7-eabe-4063-bdc9-cae2369257e3",
        "name": "Onur",
        "lastname": "Demirel",
        "email": "onur.demirel@hotmail.com",
        "phone": "05073167894",
        "type": "student",
        "password": "NTU1NQ=="
    },
    {
        "id": "e837b6e6-2a94-47b4-85a7-ba754239ee76",
        "name": "Mert",
        "lastname": "Bal",
        "email": "mert.bal@hotmail.com",
        "phone": "05075463376",
        "type": "student",
        "password": "NTU1NQ=="
    },
    {
        "id": "e45cc83e-2f71-4d17-866e-3835d16a6d1d",
        "name": "Pelin",
        "lastname": "Özcan",
        "email": "pelin.ozcan@hotmail.com",
        "phone": "05363999843",
        "type": "student",
        "password": "NTU1NQ=="
    }
]